{
  "heliocentric": {
    "x_au": -0.8663213439017867,
    "y_au": 0.6686610429332741,
    "z_au": -0.056422445204942676,
    "distance_au": 1.0958119152296697
  },
  "geocentric": {
    "x_au": -1.071508376405968,
    "y_au": 1.6641885918252624,
    "z_au": -0.056421628133148535,
    "distance_au": 1.9801104186359655,
    "distance_km": 296220302.378826
  },
  "source": "seed_data",
  "fetchedAt": "2026-02-25T13:38:00.681Z"
}